NA,NA,Feed0,None,title,author,summary,link,published_parsed,default,default,None,0,0,0,0
DeskReport,Desk Report,Feed1,None,title,author,summary,link,published_parsed,default,default,None,0,0,0,0
ABP News,Aap ki baat,Feed1,https://abpnews.abplive.in/aap-ki-baat/feed,title,author,summary,link,published_parsed,default,strategy1,Hindi,0,0,0,0
ABP News,Ajab Gazab,Feed2,https://abpnews.abplive.in/ajab-gazab/feed,title,author,summary,link,published_parsed,default,strategy1,Hindi,0,0,0,0
ABP News,Auto,Feed3,https://abpnews.abplive.in/auto-news/feed,title,author,summary,link,published_parsed,default,strategy1,Hindi,0,0,0,0
ABP News,Bollywood,Feed4,https://abpnews.abplive.in/bollywood/feed,title,author,summary,link,published_parsed,default,strategy1,Hindi,0,0,0,0
ABP News,Business,Feed5,https://abpnews.abplive.in/business/feed,title,author,summary,link,published_parsed,default,strategy1,Hindi,0,0,0,0
ABP News,Crime,Feed6,https://abpnews.abplive.in/crime/feed,title,author,summary,link,published_parsed,default,strategy1,Hindi,0,0,0,0
ABP News,Food,Feed7,https://abpnews.abplive.in/food/feed,title,author,summary,link,published_parsed,default,strategy1,Hindi,0,0,0,0
ABP News,Gadgets,Feed8,https://abpnews.abplive.in/gadgets/feed,title,author,summary,link,published_parsed,default,strategy1,Hindi,0,0,0,0
ABP News,Graphics,Feed9,https://abpnews.abplive.in/graphics/feed,title,author,summary,link,published_parsed,default,strategy1,Hindi,0,0,0,0
ABP News,Health,Feed10,https://abpnews.abplive.in/health-news/feed,title,author,summary,link,published_parsed,default,strategy1,Hindi,0,0,0,0
ABP News,Home,Feed11,https://abpnews.abplive.in/home/feed,title,author,summary,link,published_parsed,default,strategy1,Hindi,0,0,0,0
ABP News,India News,Feed12,https://abpnews.abplive.in/india-news/feed,title,author,summary,link,published_parsed,default,strategy1,Hindi,0,0,0,0
ABP News,Jobs,Feed13,https://abpnews.abplive.in/jobs/feed,title,author,summary,link,published_parsed,default,strategy1,Hindi,0,0,0,0
ABP News,Life Style,Feed14,https://abpnews.abplive.in/lifestyle/feed,title,author,summary,link,published_parsed,default,strategy1,Hindi,0,0,0,0
ABP News,Sports,Feed15,https://abpnews.abplive.in/sports/feed,title,author,summary,link,published_parsed,default,strategy1,Hindi,0,0,0,0
ABP News,Television,Feed16,https://abpnews.abplive.in/television/feed,title,author,summary,link,published_parsed,default,strategy1,Hindi,0,0,0,0
ABP News,Uttar Pradesh,Feed17,https://abpnews.abplive.in/uttar-pradesh/feed,title,author,summary,link,published_parsed,default,strategy1,Hindi,0,0,0,0
ABP News,Viral Sach,Feed18,https://abpnews.abplive.in/viral-sach/feed,title,author,summary,link,published_parsed,default,strategy1,Hindi,0,0,0,0
ABP News,Vyakti Vishesh,Feed19,https://abpnews.abplive.in/vyakti-vishesh/feed,title,author,summary,link,published_parsed,default,strategy1,Hindi,0,0,0,0
ABP News,World News,Feed20,https://abpnews.abplive.in/world-news/feed,title,author,summary,link,published_parsed,default,strategy1,Hindi,0,0,0,0
ABP News,Media,Feed21,http://abplive.in/india-news/feed,title,author,summary,link,published_parsed,default,strategy1,Hindi,0,0,0,0
Amar Ujala,Media,Feed22,https://www.amarujala.com/rss/editors-pick.xml,title,author,summary,link,published_parsed,default,strategy34,Hindi,0,0,0,0
Amar Ujala,Media,Feed23,https://www.amarujala.com/rss/editors-pick.xml,title,author,summary,link,published_parsed,default,strategy34,Hindi,0,0,0,0
Amar Ujala,Media,Feed24,https://www.amarujala.com/rss/columns.xml,title,author,summary,link,published_parsed,default,strategy34,Hindi,0,0,0,0
Amar Ujala,Media,Feed25,https://www.amarujala.com/rss/business.xml,title,author,summary,link,published_parsed,default,strategy34,Hindi,0,0,0,0
Amar Ujala,Media,Feed26,https://www.amarujala.com/rss/india-news.xml,title,author,summary,link,published_parsed,default,strategy34,Hindi,0,0,0,0
Amar Ujala,Media,Feed27,https://www.amarujala.com/rss/world.xml,title,author,summary,link,published_parsed,default,strategy34,Hindi,0,0,0,0
Amar Ujala,Media,Feed28,https://www.amarujala.com/rss/breaking-news.xml,title,author,summary,link,published_parsed,default,strategy34,Hindi,0,0,0,0
Andhra Jyothi,Media,Feed29,http://rss.andhrajyothy.com/RssFeed.aspx?SupId=50&SubId=196,title,author,summary,link,published_parsed,default,strategy30,Telugu,0,0,0,0
Andhra Jyothi,Media,Feed30,http://rss.andhrajyothy.com/RssFeed.aspx?SupId=33&SubId=194,title,author,summary,link,published_parsed,default,strategy30,Telugu,0,0,0,0
Andhra Jyothi,Media,Feed31,http://rss.andhrajyothy.com/RssFeed.aspx?SupId=31&SubId=120,title,author,summary,link,published_parsed,default,strategy30,Telugu,0,0,0,0
Andhra Jyothi,Media,Feed32,http://rss.andhrajyothy.com/RssFeed.aspx?SupId=31&SubId=119,title,author,summary,link,published_parsed,default,strategy30,Telugu,0,0,0,0
Andhra Jyothi,Media,Feed33,http://rss.andhrajyothy.com/RssFeed.aspx?SupId=33&SubId=116,title,author,summary,link,published_parsed,default,strategy30,Telugu,0,0,0,0
Andhra Jyothi,Media,Feed34,http://rss.andhrajyothy.com/RssFeed.aspx?SupId=33&SubId=99,title,author,summary,link,published_parsed,default,strategy30,Telugu,0,0,0,0
Andhra Jyothi,Media,Feed35,http://rss.andhrajyothy.com/RssFeed.aspx?SupId=33&SubId=60,title,author,summary,link,published_parsed,default,strategy30,Telugu,0,0,0,0
Andhra Jyothi,Media,Feed36,http://rss.andhrajyothy.com/RssFeed.aspx?SupId=33&SubId=59,title,author,summary,link,published_parsed,default,strategy30,Telugu,0,0,0,0
Andhra Jyothi,Media,Feed37,http://rss.andhrajyothy.com/RssFeed.aspx?SupId=51&SubId=0,title,author,summary,link,published_parsed,default,strategy30,Telugu,0,0,0,0
Andhra Jyothi,Media,Feed38,http://rss.andhrajyothy.com/RssFeed.aspx?SupId=32&SubId=0,title,author,summary,link,published_parsed,default,strategy30,Telugu,0,0,0,0
Andhra Jyothi,Media,Feed39,http://rss.andhrajyothy.com/RssFeed.aspx?SupId=23&SubId=0,title,author,summary,link,published_parsed,default,strategy30,Telugu,0,0,0,0
Andhra Jyothi,Media,Feed40,http://rss.andhrajyothy.com/RssFeed.aspx?SupId=66&SubId=0,title,author,summary,link,published_parsed,default,strategy30,Telugu,0,0,0,0
Andhra Jyothi,Media,Feed41,http://rss.andhrajyothy.com/RssFeed.aspx?SupId=52&SubId=0,title,author,summary,link,published_parsed,default,strategy30,Telugu,0,0,0,0
Andhra Jyothi,Media,Feed42,http://rss.andhrajyothy.com/RssFeed.aspx?SupId=33&SubId=0,title,author,summary,link,published_parsed,default,strategy30,Telugu,0,0,0,0
Andhra Jyothi,Media,Feed43,http://rss.andhrajyothy.com/RssFeed.aspx?SupId=60&SubId=0,title,author,summary,link,published_parsed,default,strategy30,Telugu,0,0,0,0
Andhra Jyothi,Media,Feed44,http://rss.andhrajyothy.com/RssFeed.aspx?SupId=36&SubId=0,title,author,summary,link,published_parsed,default,strategy30,Telugu,0,0,0,0
Andhra Jyothi,Media,Feed45,http://rss.andhrajyothy.com/RssFeed.aspx?SupId=25&SubId=0,title,author,summary,link,published_parsed,default,strategy30,Telugu,0,0,0,0
Andhra Jyothi,Media,Feed46,http://rss.andhrajyothy.com/RssFeed.aspx?SupId=67&SubId=0,title,author,summary,link,published_parsed,default,strategy30,Telugu,0,0,0,0
Andhra Jyothi,Media,Feed47,http://rss.andhrajyothy.com/RssFeed.aspx?SupId=59&SubId=0,title,author,summary,link,published_parsed,default,strategy30,Telugu,0,0,0,0
Andhra Jyothi,Media,Feed48,http://rss.andhrajyothy.com/RssFeed.aspx?SupId=22&SubId=0,title,author,summary,link,published_parsed,default,strategy30,Telugu,0,0,0,0
Andhra Jyothi,Media,Feed49,http://rss.andhrajyothy.com/RssFeed.aspx?SupId=64&SubId=0,title,author,summary,link,published_parsed,default,strategy30,Telugu,0,0,0,0
Andhra Jyothi,Media,Feed50,http://rss.andhrajyothy.com/RssFeed.aspx?SupId=62&SubId=0,title,author,summary,link,published_parsed,default,strategy30,Telugu,0,0,0,0
Andhra Jyothi,Media,Feed51,http://rss.andhrajyothy.com/RssFeed.aspx?SupId=29&SubId=0,title,author,summary,link,published_parsed,default,strategy30,Telugu,0,0,0,0
Andhra Jyothi,Media,Feed52,http://rss.andhrajyothy.com/RssFeed.aspx?SupId=24&SubId=0,title,author,summary,link,published_parsed,default,strategy30,Telugu,0,0,0,0
Andhra Jyothi,Media,Feed53,http://rss.andhrajyothy.com/RssFeed.aspx?SupId=30&SubId=0,title,author,summary,link,published_parsed,default,strategy30,Telugu,0,0,0,0
Andhra Jyothi,Media,Feed54,http://rss.andhrajyothy.com/RssFeed.aspx?SupId=19&SubId=0,title,author,summary,link,published_parsed,default,strategy30,Telugu,0,0,0,0
Andhra Jyothi,Media,Feed55,http://rss.andhrajyothy.com,title,author,summary,link,published_parsed,default,strategy30,Telugu,0,0,0,0
BBC,Business,Feed56,http://feeds.bbci.co.uk/news/business/rss.xml,title,author,summary,link,published_parsed,default,strategy2,English,0,0,0,0
BBC,Education & Family,Feed57,http://feeds.bbci.co.uk/news/education/rss.xml,title,author,summary,link,published_parsed,default,strategy2,English,0,0,0,0
BBC,Entertainment & Arts,Feed58,http://feeds.bbci.co.uk/news/entertainment_and_arts/rss.xml,title,author,summary,link,published_parsed,default,strategy2,English,0,0,0,0
BBC,Health,Feed59,http://feeds.bbci.co.uk/news/health/rss.xml,title,author,summary,link,published_parsed,default,strategy2,English,0,0,0,0
BBC,Politics,Feed60,http://feeds.bbci.co.uk/news/politics/rss.xml,title,author,summary,link,published_parsed,default,strategy2,English,0,0,0,0
BBC,Science & Environment,Feed61,http://feeds.bbci.co.uk/news/science_and_environment/rss.xml,title,author,summary,link,published_parsed,default,strategy2,English,0,0,0,0
BBC,Technology,Feed62,http://feeds.bbci.co.uk/news/technology/rss.xml,title,author,summary,link,published_parsed,default,strategy2,English,0,0,0,0
BBC,Top Stories,Feed63,http://feeds.bbci.co.uk/news/rss.xml,title,author,summary,link,published_parsed,default,strategy2,English,0,0,0,0
BBC,UK,Feed64,http://feeds.bbci.co.uk/news/uk/rss.xml,title,author,summary,link,published_parsed,default,strategy2,English,0,0,0,0
BBC,World,Feed65,http://feeds.bbci.co.uk/news/world/rss.xml,title,author,summary,link,published_parsed,default,strategy2,English,0,0,0,0
BSS,Automobiles,Feed66,https://www.business-standard.com/rss/automobile-198.rss,title,author,summary,link,published_parsed,strategy3,strategy3,English,0,0,0,0
BSS,BSS Top Stories,Feed67,https://www.business-standard.com/rss/home_page_top_stories.rss,title,author,summary,link,published_parsed,strategy3,strategy3,English,0,0,0,0
BSS,Budget,Feed68,https://www.business-standard.com/rss/budget2018-110.rss,title,author,summary,link,published_parsed,strategy3,strategy3,English,0,0,0,0
BSS,Companies,Feed69,https://www.business-standard.com/rss/companies-101.rss,title,author,summary,link,published_parsed,strategy3,strategy3,English,0,0,0,0
BSS,Current Affairs,Feed70,https://www.business-standard.com/rss/current-affairs-115.rss,title,author,summary,link,published_parsed,strategy3,strategy3,English,0,0,0,0
BSS,Defence,Feed71,https://www.business-standard.com/rss/defence-197.rss,title,author,summary,link,published_parsed,strategy3,strategy3,English,0,0,0,0
BSS,Economy and Policy,Feed72,https://www.business-standard.com/rss/economy-policy-102.rss,title,author,summary,link,published_parsed,strategy3,strategy3,English,0,0,0,0
BSS,Editor's Pick,Feed73,https://www.business-standard.com/rss/bsrss.xml,title,author,summary,link,published_parsed,strategy3,strategy3,English,0,0,0,0
BSS,Education,Feed74,https://www.business-standard.com/rss/education-179.rss,title,author,summary,link,published_parsed,strategy3,strategy3,English,0,0,0,0
BSS,Elections,Feed75,https://www.business-standard.com/rss/elections-117.rss,title,author,summary,link,published_parsed,strategy3,strategy3,English,0,0,0,0
BSS,Finance,Feed76,https://www.business-standard.com/rss/finance-103.rss,title,author,summary,link,published_parsed,strategy3,strategy3,English,0,0,0,0
BSS,General News,Feed77,https://www.business-standard.com/rss/general-news.rss,title,author,summary,link,published_parsed,strategy3,strategy3,English,0,0,0,0
BSS,health ,Feed78,https://www.business-standard.com/rss/health-185.rss,title,author,summary,link,published_parsed,strategy3,strategy3,English,0,0,0,0
BSS,Income Tax,Feed79,https://www.business-standard.com/rss/income-tax-182.rss,title,author,summary,link,published_parsed,strategy3,strategy3,English,0,0,0,0
BSS,International,Feed80,https://www.business-standard.com/rss/international-116.rss,title,author,summary,link,published_parsed,strategy3,strategy3,English,0,0,0,0
BSS,Jobs,Feed81,https://www.business-standard.com/rss/jobs-183.rss,title,author,summary,link,published_parsed,strategy3,strategy3,English,0,0,0,0
BSS,Latest News,Feed82,https://www.business-standard.com/rss/latest.rss,title,author,summary,link,published_parsed,strategy3,strategy3,English,0,0,0,0
BSS,Management,Feed83,https://www.business-standard.com/rss/management-107.rss,title,author,summary,link,published_parsed,strategy3,strategy3,English,0,0,0,0
BSS,Market News,Feed84,https://www.business-standard.com/rss/markets-106.rss,title,author,summary,link,published_parsed,strategy3,strategy3,English,0,0,0,0
BSS,Most Popular,Feed85,https://www.business-standard.com/rss/most-viewed.rss,title,author,summary,link,published_parsed,strategy3,strategy3,English,0,0,0,0
BSS,People,Feed86,https://www.business-standard.com/rss/people-180.rss,title,author,summary,link,published_parsed,strategy3,strategy3,English,0,0,0,0
BSS,Politics,Feed87,https://www.business-standard.com/rss/politics-155.rss,title,author,summary,link,published_parsed,strategy3,strategy3,English,0,0,0,0
BSS,Punditry,Feed88,https://www.business-standard.com/rss/punditry-174.rss,title,author,summary,link,published_parsed,strategy3,strategy3,English,0,0,0,0
BSS,Railway,Feed89,https://www.business-standard.com/rss/indian-railways-196.rss,title,author,summary,link,published_parsed,strategy3,strategy3,English,0,0,0,0
BSS,Sports,Feed90,https://www.business-standard.com/rss/sports-192.rss,title,author,summary,link,published_parsed,strategy3,strategy3,English,0,0,0,0
BSS,Technology,Feed91,https://www.business-standard.com/rss/technology-108.rss,title,author,summary,link,published_parsed,strategy3,strategy3,English,0,0,0,0
BSS,Today's Paper,Feed92,https://www.business-standard.com/rss/todays-paper.rss,title,author,summary,link,published_parsed,strategy3,strategy3,English,0,0,0,0
Business Standard,Media,Feed93,http://www.business-standard.com/rss/latest.rss,title,author,summary,link,published_parsed,default,strategy3,English,0,0,0,0
Caravan,Media,Feed94,http://www.caravanmagazine.in/feed,title,author,summary,link,published_parsed,default,strategy4,English,0,0,0,0
CNN News18,Media,Feed95,https://www.news18.com/rss/politics.xml,title,author,summary,link,published_parsed,default,strategy43,English,0,0,0,0
CNN News18,Media,Feed96,https://www.news18.com/rss/business.xml,title,author,summary,link,published_parsed,default,strategy43,English,0,0,0,0
CNN News18,Media,Feed97,https://www.news18.com/rss/india.xml,title,author,summary,link,published_parsed,default,strategy43,English,0,0,0,0
Cricbuzz,Media,Feed98,http://live-feeds.cricbuzz.com/CricbuzzFeed,title,author,summary,link,published_parsed,default,default,English,0,0,0,0
Daily Sakal,Media,Feed99,https://www.esakal.com/c03-feeds.xml,title,author,summary,link,published_parsed,default,strategy55,Marathi,0,0,0,0
Dainik Bhaskar,Media,Feed100,https://www.bhaskar.com/rss-feed/2322/,title,author,summary,link,published_parsed,default,strategy33,Hindi,0,0,0,0
Dainik Bhaskar,Media,Feed101,https://www.bhaskar.com/rss-feed/1051/,title,author,summary,link,published_parsed,default,strategy33,Hindi,0,0,0,0
Dainik Bhaskar,Media,Feed102,https://www.bhaskar.com/rss-feed/2338/,title,author,summary,link,published_parsed,default,strategy33,Hindi,0,0,0,0
Dainik Bhaskar,Media,Feed103,https://www.bhaskar.com/rss-feed/2322/,title,author,summary,link,published_parsed,default,strategy33,Hindi,0,0,0,0
Dainik Jagran,Media,Feed104,http://rss.jagran.com/rss/news/national.xml,title,author,summary,link,published_parsed,default,strategy35,Hindi,0,0,0,0
Dainik Jagran,Media,Feed105,http://rss.jagran.com/rss/news/national.xml,title,author,summary,link,published_parsed,default,strategy35,Hindi,0,0,0,0
Dainik Jagran,Media,Feed106,http://rss.jagran.com/rss/editorial/nazariya.xml,title,author,summary,link,published_parsed,default,strategy35,Hindi,0,0,0,0
Dainik Jagran,Media,Feed107,http://rss.jagran.com/rss/editorial/apnibaat.xml,title,author,summary,link,published_parsed,default,strategy35,Hindi,0,0,0,0
Dainik Jagran,Media,Feed108,http://rss.jagran.com/rss/business/biz.xml,title,author,summary,link,published_parsed,default,strategy35,Hindi,0,0,0,0
Dainik Jagran,Media,Feed109,http://rss.jagran.com/rss/news/world.xml,title,author,summary,link,published_parsed,default,strategy35,Hindi,0,0,0,0
Deccan Chronicle,Media,Feed110,https://www.deccanchronicle.com/rss_feed/,title,author,summary,link,published_parsed,default,strategy46,English,0,0,0,0
Dinakaran,Media,Feed111,http://www.dinakaran.com/rss_news.asp?id=9,title,author,summary,link,published_parsed,default,strategy51,Tamil,0,0,0,0
Dinamalar,Media,Feed112,http://rss.dinamalar.com/?cat=ara1,title,author,summary,link,published_parsed,default,strategy52,Tamil,0,0,0,0
Divya Bhaskar,Media,Feed113,https://www.divyabhaskar.co.in/rss-feed/top-news/,title,author,summary,link,published_parsed,default,strategy57,Gujrati,0,0,0,0
Eenadu,Media,Feed114,http://www.eenaduindia.com/RSS/SectionRssFeed.aspx?Id=16&Main=2,title,author,summary,link,published_parsed,default,strategy29,Telugu,0,0,0,0
Eenaduindia,Media,Feed115,http://www.eenaduindia.com/RSS/SectionRssFeed.aspx?Id=35&Main=8,title,author,summary,link,published_parsed,default,strategy29,Telugu,0,0,0,0
Eenaduindia,Media,Feed116,http://www.eenaduindia.com/RSS/SectionRssFeed.aspx?Id=34&Main=8,title,author,summary,link,published_parsed,default,strategy29,Telugu,0,0,0,0
Eenaduindia,Media,Feed117,http://www.eenaduindia.com/RSS/SectionRssFeed.aspx?Id=33&Main=8,title,author,summary,link,published_parsed,default,strategy29,Telugu,0,0,0,0
Eenaduindia,Media,Feed118,http://www.eenaduindia.com/RSS/SectionRssFeed.aspx?Id=32&Main=7,title,author,summary,link,published_parsed,default,strategy29,Telugu,0,0,0,0
Eenaduindia,Media,Feed119,http://www.eenaduindia.com/RSS/SectionRssFeed.aspx?Id=30&Main=6,title,author,summary,link,published_parsed,default,strategy29,Telugu,0,0,0,0
Eenaduindia,Media,Feed120,http://www.eenaduindia.com/RSS/SectionRssFeed.aspx?Id=29&Main=6,title,author,summary,link,published_parsed,default,strategy29,Telugu,0,0,0,0
Eenaduindia,Media,Feed121,http://www.eenaduindia.com/RSS/SectionRssFeed.aspx?Id=27&Main=6,title,author,summary,link,published_parsed,default,strategy29,Telugu,0,0,0,0
Eenaduindia,Media,Feed122,http://www.eenaduindia.com/RSS/SectionRssFeed.aspx?Id=26&Main=6,title,author,summary,link,published_parsed,default,strategy29,Telugu,0,0,0,0
Eenaduindia,Media,Feed123,http://www.eenaduindia.com/RSS/SectionRssFeed.aspx?Id=25&Main=6,title,author,summary,link,published_parsed,default,strategy29,Telugu,0,0,0,0
Eenaduindia,Media,Feed124,http://www.eenaduindia.com/RSS/SectionRssFeed.aspx?Id=24&Main=6,title,author,summary,link,published_parsed,default,strategy29,Telugu,0,0,0,0
Eenaduindia,Media,Feed125,http://www.eenaduindia.com/RSS/SectionRssFeed.aspx?Id=23&Main=6,title,author,summary,link,published_parsed,default,strategy29,Telugu,0,0,0,0
Eenaduindia,Media,Feed126,http://www.eenaduindia.com/RSS/SectionRssFeed.aspx?Id=22&Main=5,title,author,summary,link,published_parsed,default,strategy29,Telugu,0,0,0,0
Eenaduindia,Media,Feed127,http://www.eenaduindia.com/RSS/SectionRssFeed.aspx?Id=21&Main=5,title,author,summary,link,published_parsed,default,strategy29,Telugu,0,0,0,0
Eenaduindia,Media,Feed128,http://www.eenaduindia.com/RSS/SectionRssFeed.aspx?Id=19&Main=4,title,author,summary,link,published_parsed,default,strategy29,Telugu,0,0,0,0
Eenaduindia,Media,Feed129,http://www.eenaduindia.com/RSS/SectionRssFeed.aspx?Id=18&Main=4,title,author,summary,link,published_parsed,default,strategy29,Telugu,0,0,0,0
Eenaduindia,Media,Feed130,http://www.eenaduindia.com/RSS/SectionRssFeed.aspx?Id=17&Main=3,title,author,summary,link,published_parsed,default,strategy29,Telugu,0,0,0,0
Eenaduindia,Media,Feed131,http://www.eenaduindia.com/RSS/SectionRssFeed.aspx?Id=15&Main=2,title,author,summary,link,published_parsed,default,strategy29,Telugu,0,0,0,0
Eenaduindia,Media,Feed132,http://www.eenaduindia.com/RSS/SectionRssFeed.aspx?Id=14&Main=2,title,author,summary,link,published_parsed,default,strategy29,Telugu,0,0,0,0
Eenaduindia,Media,Feed133,http://www.eenaduindia.com/RSS/SectionRssFeed.aspx?Id=13&Main=2,title,author,summary,link,published_parsed,default,strategy29,Telugu,0,0,0,0
Eenaduindia,Media,Feed134,http://www.eenaduindia.com/RSS/SectionRssFeed.aspx?Id=16&Main=2,title,author,summary,link,published_parsed,default,strategy29,Telugu,0,0,0,0
Ei Samay,Media,Feed135,http://eisamay.indiatimes.com/rssfeedstopstories.cms,title,author,summary,link,published_parsed,default,strategy54,Bengali,0,0,0,0
ET,Media,Feed136,https://economictimes.indiatimes.com/rssfeedsdefault.cms,title,author,summary,link,published_parsed,strategy6,strategy6,English,0,0,0,0
ET,Media,Feed137,https://economictimes.indiatimes.com/markets/rssfeeds/1977021501.cms,title,author,summary,link,published_parsed,strategy6,strategy6,English,0,0,0,0
ET,Media,Feed138,https://economictimes.indiatimes.com/news/rssfeeds/1715249553.cms,title,author,summary,link,published_parsed,strategy6,strategy6,English,0,0,0,0
ET,Media,Feed139,https://economictimes.indiatimes.com/industry/rssfeeds/13352306.cms,title,author,summary,link,published_parsed,strategy6,strategy6,English,0,0,0,0
ET,Media,Feed140,https://economictimes.indiatimes.com/tech/rssfeeds/13357270.cms,title,author,summary,link,published_parsed,strategy6,strategy6,English,0,0,0,0
ET,Media,Feed141,https://economictimes.indiatimes.com/jobs/rssfeeds/107115.cms,title,author,summary,link,published_parsed,strategy6,strategy6,English,0,0,0,0
ET,Media,Feed142,https://economictimes.indiatimes.com/opinion/rssfeeds/897228639.cms,title,author,summary,link,published_parsed,strategy6,strategy6,English,0,0,0,0
ET,Media,Feed143,http://economictimes.indiatimes.com/News/rssfeeds/1715249553.cms,title,author,summary,link,published_parsed,strategy6,strategy6,English,0,0,0,0
ET,Media,Feed144,https://economictimes.indiatimes.com/magazines/rssfeeds/1466318837.cms,title,author,summary,link,published_parsed,strategy6,strategy6,English,0,0,0,0
ET,Media,Feed145,https://economictimes.indiatimes.com/mf/rssfeeds/359241701.cms,title,author,summary,link,published_parsed,strategy6,strategy6,English,0,0,0,0
Femina,Media,Feed146,http://www.femina.in/feeds/feeds-fitness.xml,title,author,summary,link,published_parsed,default,strategy7,English,0,0,0,0
Filmi Beat,Media,Feed147,http://www.filmibeat.com/rss/filmibeat-fb.xml,title,author,summary,link,published_parsed,strategy8,default,English,0,0,0,0
First Post,Media,Feed148,http://www.firstpost.com/feed/rss,title,author,summary,link,published_parsed,default,strategy9,Hindi,0,0,0,0
First Post,Media,Feed149,https://www.firstpost.com/feed,title,author,summary,link,published_parsed,default,strategy9,English,0,0,0,0
Frontline,Media,Feed150,https://www.frontline.in/cover-story/feeder/default.rss,title,author,summary,link,published_parsed,default,default,English,0,0,0,0
Frontline,Media,Feed151,https://www.frontline.in/the-nation/feeder/default.rss,title,author,summary,link,published_parsed,default,default,English,0,0,0,0
Frontline,Media,Feed152,https://www.frontline.in/social-issues/feeder/default.rss,title,author,summary,link,published_parsed,default,default,English,0,0,0,0
Frontline,Media,Feed153,https://www.frontline.in/arts-and-culture/feeder/default.rss,title,author,summary,link,published_parsed,default,default,English,0,0,0,0
Frontline,Media,Feed154,https://www.frontline.in/economy/feeder/default.rss,title,author,summary,link,published_parsed,default,default,English,0,0,0,0
Frontline,Media,Feed155,https://www.frontline.in/world-affairs/feeder/default.rss,title,author,summary,link,published_parsed,default,default,English,0,0,0,0
Frontline,Media,Feed156,https://www.frontline.in/environment/feeder/default.rss,title,author,summary,link,published_parsed,default,default,English,0,0,0,0
Frontline,Media,Feed157,https://www.frontline.in/science-and-technology/feeder/default.rss,title,author,summary,link,published_parsed,default,default,English,0,0,0,0
Frontline,Media,Feed158,https://www.frontline.in/other/feeder/default.rss,title,author,summary,link,published_parsed,default,default,English,0,0,0,0
Gizmodo,Media,Feed159,https://gizmodo.com/rss,title,author,summary,link,published_parsed,default,default,English,0,0,0,0
Hindustan Times,Media,Feed160,https://www.hindustantimes.com/rss/topnews/rssfeed.xml,title,author,summary,link,published_parsed,default,strategy44,English,0,0,0,0
Hindustan Times,Media,Feed161,https://www.hindustantimes.com/rss/world/rssfeed.xml ,title,author,summary,link,published_parsed,default,strategy44,English,0,0,0,0
Hindustan Times,Media,Feed162,https://www.hindustantimes.com/rss/india/rssfeed.xml ,title,author,summary,link,published_parsed,default,strategy44,English,0,0,0,0
Hindustan Times,Media,Feed163,https://www.hindustantimes.com/rss/opinion/rssfeed.xml ,title,author,summary,link,published_parsed,default,strategy44,English,0,0,0,0
Hindustan Times,Media,Feed164,https://www.hindustantimes.com/rss/analysis/rssfeed.xml ,title,author,summary,link,published_parsed,default,strategy44,English,0,0,0,0
Hindustan Times,Media,Feed165,https://www.hindustantimes.com/rss/editorials/rssfeed.xml ,title,author,summary,link,published_parsed,default,strategy44,English,0,0,0,0
Hindustan Times,Media,Feed166,https://www.hindustantimes.com/rss/columns/rssfeed.xml ,title,author,summary,link,published_parsed,default,strategy44,English,0,0,0,0
Hindustan Times,Media,Feed167,https://www.hindustantimes.com/rss/business/rssfeed.xml ,title,author,summary,link,published_parsed,default,strategy44,English,0,0,0,0
Huffington Post,Media,Feed168,https://www.huffingtonpost.in/feeds/index.xml,title,author,summary,link,published_parsed,default,default,English,0,0,0,0
Huffington Post,Media,Feed169,https://www.huffingtonpost.com/section/politics/feed,title,author,summary,link,published_parsed,default,default,Hindi,0,0,0,0
India Today,Media,Feed170,https://www.indiatoday.in/rss/home,title,author,summary,link,published_parsed,default,strategy11,Hindi,0,0,0,0
India TV,Media,Feed171,https://www.indiatvnews.com/rssnews/topstory.xml,title,author,summary,link,published_parsed,default,strategy42,Hindi,0,0,0,0
Indian Express,Media,Feed172,http://indianexpress.com/section/india/feed/,title,author,summary,link,published_parsed,strategy12,strategy12,English,0,0,0,0
Indian Express,Media,Feed173,http://indianexpress.com/section/india/politics/feed/,title,author,summary,link,published_parsed,strategy12,strategy12,English,0,0,0,0
Indian Express,Media,Feed174,http://indianexpress.com/technology/feed/,title,author,summary,link,published_parsed,strategy12,strategy12,English,0,0,0,0
Indian Express,Media,Feed175,http://syndication.indianexpress.com/rss/785/latest-news.xml,title,author,summary,link,published_parsed,strategy12,strategy12,English,0,0,0,0
Indian Express,Media,Feed176,http://indianexpress.com/section/technology/feed/,title,author,summary,link,published_parsed,strategy12,strategy12,English,0,0,0,0
Indian Express,Media,Feed177,http://indianexpress.com/entertainment/feed/,title,author,summary,link,published_parsed,strategy12,strategy12,English,0,0,0,0
IndiaToday,Media,Feed178,https://www.indiatoday.in/rss/home,title,author,summary,link,published_parsed,default,strategy11,English,0,0,0,0
IndiaToday,Media,Feed179,https://www.indiatoday.in/rss/home,title,author,summary,link,published_parsed,default,strategy11,English,0,0,0,0
IndiaToday,Media,Feed180,https://www.indiatoday.in/rss/1206577,title,author,summary,link,published_parsed,default,strategy11,English,0,0,0,0
IndiaToday,Media,Feed181,https://www.indiatoday.in/rss/1206513,title,author,summary,link,published_parsed,default,strategy11,English,0,0,0,0
IndiaToday,Media,Feed182,https://www.indiatoday.in/rss/1206500,title,author,summary,link,published_parsed,default,strategy11,English,0,0,0,0
IndiaToday,Media,Feed183,https://www.indiatoday.in/rss/1206584,title,author,summary,link,published_parsed,default,strategy11,English,0,0,0,0
IndiaToday,Media,Feed184,https://www.indiatoday.in/rss/1206509,title,author,summary,link,published_parsed,default,strategy11,English,0,0,0,0
IndiaToday,Media,Feed185,https://www.indiatoday.in/rss/1206514,title,author,summary,link,published_parsed,default,strategy11,English,0,0,0,0
Indo Daily,Media,Feed186,http://www.indodaily.com/indodaily.xml,title,author,summary,link,published_parsed,strategy13,default,English,0,0,0,0
Livemint,Media,Feed187,https://www.livemint.com/rss/homepage,title,author,summary,link,published_parsed,default,default,English,0,0,0,0
Livemint,Media,Feed188,http://www.livemint.com/rss/homepage,title,author,summary,link,published_parsed,default,default,English,0,0,0,0
Livemint,Media,Feed189,http://www.livemint.com/rss/economy_politics,title,author,summary,link,published_parsed,default,default,English,0,0,0,0
Livemint,Media,Feed190,http://www.livemint.com/rss/companies,title,author,summary,link,published_parsed,default,default,English,0,0,0,0
Livemint,Media,Feed191,http://www.livemint.com/rss/consumer,title,author,summary,link,published_parsed,default,default,English,0,0,0,0
Livemint,Media,Feed192,http://www.livemint.com/rss/money,title,author,summary,link,published_parsed,default,default,English,0,0,0,0
Livemint,Media,Feed193,http://www.livemint.com/rss/industry,title,author,summary,link,published_parsed,default,default,English,0,0,0,0
Livemint,Media,Feed194,http://www.livemint.com/rss/lounge,title,author,summary,link,published_parsed,default,default,English,0,0,0,0
Maalai Malar,Media,Feed195,https://www.maalaimalar.com/SectionRSS/News/National,title,author,summary,link,published_parsed,default,strategy53,Tamil,0,0,0,0
Madhyamam,Media,Feed196,http://feeds.feedburner.com/madhyamam/en,title,author,summary,link,published_parsed,default,strategy61,Malayalam,0,0,0,0
Malayala Manorama,Media,Feed197,https://www.manoramaonline.com/news/just-in.feed,title,author,summary,link,published_parsed,default,strategy59,Malayalam,0,0,0,0
Mathrubhumi,Media,Feed198,http://feeds.feedburner.com/mathrubhumi?format=xml,title,author,summary,link,published_parsed,default,strategy60,Malayalam,0,0,0,0
Mid-day,Media,Feed199,http://www.mid-day.com/Resources/midday/rss/news-national.xml,title,author,summary,link,published_parsed,strategy14,strategy14,English,0,0,0,0
Navbharat Times,Media,Feed200,https://navbharattimes.indiatimes.com/rssfeedsdefault.cms,title,author,summary,link,published_parsed,default,strategy38,Hindi,0,0,0,0
Navbharat Times,Media,Feed201,https://navbharattimes.indiatimes.com/opinions/rssfeedsection/2279782.cms,title,author,summary,link,published_parsed,default,strategy38,Hindi,0,0,0,0
Navbharat Times,Media,Feed202,https://navbharattimes.indiatimes.com/world/rssfeedsection/2279801.cms,title,author,summary,link,published_parsed,default,strategy38,Hindi,0,0,0,0
Navbharat Times,Media,Feed203,https://navbharattimes.indiatimes.com/state/rssfeedsection/2279808.cms,title,author,summary,link,published_parsed,default,strategy38,Hindi,0,0,0,0
Navbharat Times,Media,Feed204,https://navbharattimes.indiatimes.com/metro/rssfeedsection/33503484.cms,title,author,summary,link,published_parsed,default,strategy38,Hindi,0,0,0,0
Navbharat Times,Media,Feed205,https://navbharattimes.indiatimes.com/india/rssfeedsection/1564454.cms,title,author,summary,link,published_parsed,default,strategy38,Hindi,0,0,0,0
Navbharat Times,Media,Feed206,https://navbharattimes.indiatimes.com/rssfeedstopstories.cms,title,author,summary,link,published_parsed,default,strategy38,Hindi,0,0,0,0
NDTV,Media,Feed207,http://feeds.feedburner.com/ndtvnews-top-stories,title,author,summary,link,published_parsed,strategy15,strategy15,English,0,0,0,0
NDTV,Media,Feed208,http://feeds.feedburner.com/ndtvnews-world-news,title,author,summary,link,published_parsed,strategy15,strategy15,English,0,0,0,0
NDTV,Media,Feed209,http://feeds.feedburner.com/ndtvsports-cricket,title,author,summary,link,published_parsed,strategy15,strategy15,English,0,0,0,0
NDTV,Media,Feed210,http://feeds.feedburner.com/ndtvnews-south,title,author,summary,link,published_parsed,strategy15,strategy15,English,0,0,0,0
NDTV,Media,Feed211,http://feeds.feedburner.com/ndtvnews-people,title,author,summary,link,published_parsed,strategy15,strategy15,English,0,0,0,0
NDTV,Media,Feed212,http://feeds.feedburner.com/ndtvnews-latest,title,author,summary,link,published_parsed,strategy15,strategy15,English,0,0,0,0
NDTV,Media,Feed213,http://feeds.feedburner.com/ndtvprofit-latest,title,author,summary,link,published_parsed,strategy15,strategy15,English,0,0,0,0
NDTV,Media,Feed214,http://feeds.feedburner.com/gadgets360-latest,title,author,summary,link,published_parsed,strategy15,strategy15,English,0,0,0,0
NDTV,Media,Feed215,http://feeds.feedburner.com/ndtvnews-indians-abroad,title,author,summary,link,published_parsed,strategy15,strategy15,English,0,0,0,0
NDTV,Media,Feed216,http://feeds.feedburner.com/ndtvkhabar-latest,title,author,summary,link,published_parsed,strategy15,strategy15,English,0,0,0,0
NDTV,Media,Feed217,http://feeds.feedburner.com/ndtvnews-trending-news,title,author,summary,link,published_parsed,strategy15,strategy15,English,0,0,0,0
NDTV,Media,Feed218,http://feeds.feedburner.com/ndtvmovies-latest,title,author,summary,link,published_parsed,strategy15,strategy15,English,0,0,0,0
NDTV,Media,Feed219,http://feeds.feedburner.com/carandbike-latest,title,author,summary,link,published_parsed,strategy15,strategy15,English,0,0,0,0
NDTV,Media,Feed220,http://feeds.feedburner.com/ndtvcooks-latest,title,author,summary,link,published_parsed,strategy15,strategy15,English,0,0,0,0
NDTV,Media,Feed221,http://feeds.feedburner.com/ndtv/latest-videos,title,author,summary,link,published_parsed,strategy15,strategy15,English,0,0,0,0
NDTV,Media,Feed222,http://feeds.feedburner.com/ndtvnews-india-news,title,author,summary,link,published_parsed,strategy15,strategy15,English,0,0,0,0
NDTV,Media,Feed223,http://feeds.feedburner.com/ndtvsports-latest,title,author,summary,link,published_parsed,strategy15,strategy15,English,0,0,0,0
NDTV,Media,Feed224,http://feeds.feedburner.com/ndtvnews-cities-news,title,author,summary,link,published_parsed,strategy15,strategy15,English,0,0,0,0
NDTV,Media,Feed225,http://feeds.feedburner.com/ndtvnews-offbeat-news,title,author,summary,link,published_parsed,strategy15,strategy15,English,0,0,0,0
NDTV,Media,Feed226,http://feeds.feedburner.com/NDTV-LatestNews,title,author,summary,link,published_parsed,default,strategy15,Hindi,0,0,0,0
NDTV Khabar,Media,Feed227,http://feeds.feedburner.com/ndtvkhabar-india,title,author,summary,link,published_parsed,default,strategy64,Hindi,0,0,0,0
NDTV Khabar,Media,Feed228,http://feeds.feedburner.com/ndtvkhabar-world,title,author,summary,link,published_parsed,default,strategy64,Hindi,0,0,0,0
NDTV Khabar,Media,Feed229,http://feeds.feedburner.com/ndtvkhabar-business,title,author,summary,link,published_parsed,default,strategy64,Hindi,0,0,0,0
NDTV Khabar,Media,Feed230,http://feeds.feedburner.com/ndtvkhabar-pramukh-khabrein,title,author,summary,link,published_parsed,default,strategy64,Hindi,0,0,0,0
NewIndianExpress,Media,Feed231,http://www.newindianexpress.com/Specials/rssfeed/?id=339&getXmlFeed=true,title,author,summary,link,published_parsed,default,strategy27,English,0,0,0,0
NewIndianExpress,Media,Feed232,http://www.newindianexpress.com/Lifestyle/Spirituality/Astrology/rssfeed/?id=218&getXmlFeed=true,title,author,summary,link,published_parsed,default,strategy27,English,0,0,0,0
NewIndianExpress,Media,Feed233,http://www.newindianexpress.com/Lifestyle/Spirituality/rssfeed/?id=217&getXmlFeed=true,title,author,summary,link,published_parsed,default,strategy27,English,0,0,0,0
NewIndianExpress,Media,Feed234,http://www.newindianexpress.com/Lifestyle/Books/rssfeed/?id=216&getXmlFeed=true,title,author,summary,link,published_parsed,default,strategy27,English,0,0,0,0
NewIndianExpress,Media,Feed235,http://www.newindianexpress.com/Lifestyle/Food/rssfeed/?id=215&getXmlFeed=true,title,author,summary,link,published_parsed,default,strategy27,English,0,0,0,0
NewIndianExpress,Media,Feed236,http://www.newindianexpress.com/Lifestyle/Travel/rssfeed/?id=214&getXmlFeed=true,title,author,summary,link,published_parsed,default,strategy27,English,0,0,0,0
NewIndianExpress,Media,Feed237,http://www.newindianexpress.com/Lifestyle/Health/rssfeed/?id=213&getXmlFeed=true,title,author,summary,link,published_parsed,default,strategy27,English,0,0,0,0
NewIndianExpress,Media,Feed238,http://www.newindianexpress.com/Lifestyle/Tech/rssfeed/?id=212&getXmlFeed=true,title,author,summary,link,published_parsed,default,strategy27,English,0,0,0,0
NewIndianExpress,Media,Feed239,http://www.newindianexpress.com/Videos/Sport/rssfeed/?id=208&getXmlFeed=true,title,author,summary,link,published_parsed,default,strategy27,English,0,0,0,0
NewIndianExpress,Media,Feed240,http://www.newindianexpress.com/Videos/Other/rssfeed/?id=209&getXmlFeed=true,title,author,summary,link,published_parsed,default,strategy27,English,0,0,0,0
NewIndianExpress,Media,Feed241,http://www.newindianexpress.com/Videos/World/rssfeed/?id=207&getXmlFeed=true,title,author,summary,link,published_parsed,default,strategy27,English,0,0,0,0
NewIndianExpress,Media,Feed242,http://www.newindianexpress.com/Videos/Nation/rssfeed/?id=206&getXmlFeed=true,title,author,summary,link,published_parsed,default,strategy27,English,0,0,0,0
NewIndianExpress,Media,Feed243,http://www.newindianexpress.com/Galleries/Other/rssfeed/?id=204&getXmlFeed=true,title,author,summary,link,published_parsed,default,strategy27,English,0,0,0,0
NewIndianExpress,Media,Feed244,http://www.newindianexpress.com/Galleries/Sport/rssfeed/?id=203&getXmlFeed=true,title,author,summary,link,published_parsed,default,strategy27,English,0,0,0,0
NewIndianExpress,Media,Feed245,http://www.newindianexpress.com/Galleries/World/rssfeed/?id=202&getXmlFeed=true,title,author,summary,link,published_parsed,default,strategy27,English,0,0,0,0
NewIndianExpress,Media,Feed246,http://www.newindianexpress.com/Galleries/Nation/rssfeed/?id=201&getXmlFeed=true,title,author,summary,link,published_parsed,default,strategy27,English,0,0,0,0
NewIndianExpress,Media,Feed247,http://www.newindianexpress.com/Sport/IPL/rssfeed/?id=284&getXmlFeed=true,title,author,summary,link,published_parsed,default,strategy27,English,0,0,0,0
NewIndianExpress,Media,Feed248,http://www.newindianexpress.com/Sport/Commonwealth-Games-2018/rssfeed/?id=377&getXmlFeed=true,title,author,summary,link,published_parsed,default,strategy27,English,0,0,0,0
NewIndianExpress,Media,Feed249,http://www.newindianexpress.com/Sport/Other/rssfeed/?id=191&getXmlFeed=true,title,author,summary,link,published_parsed,default,strategy27,English,0,0,0,0
NewIndianExpress,Media,Feed250,http://www.newindianexpress.com/Sport/Asian-Games/rssfeed/?id=388&getXmlFeed=true,title,author,summary,link,published_parsed,default,strategy27,English,0,0,0,0
NewIndianExpress,Media,Feed251,http://www.newindianexpress.com/Sport/Football/Fifa-U-17-World-Cup-2017/rssfeed/?id=367&getXmlFeed=true,title,author,summary,link,published_parsed,default,strategy27,English,0,0,0,0
NewIndianExpress,Media,Feed252,http://www.newindianexpress.com/Sport/Football/rssfeed/?id=190&getXmlFeed=true,title,author,summary,link,published_parsed,default,strategy27,English,0,0,0,0
NewIndianExpress,Media,Feed253,http://www.newindianexpress.com/Sport/Cricket/Scorecard/rssfeed/?id=288&getXmlFeed=true,title,author,summary,link,published_parsed,default,strategy27,English,0,0,0,0
NewIndianExpress,Media,Feed254,http://www.newindianexpress.com/Sport/Cricket/rssfeed/?id=188&getXmlFeed=true,title,author,summary,link,published_parsed,default,strategy27,English,0,0,0,0
NewIndianExpress,Media,Feed255,http://www.newindianexpress.com/World/rssfeed/?id=171&getXmlFeed=true,title,author,summary,link,published_parsed,default,strategy27,English,0,0,0,0
NewIndianExpress,Media,Feed256,http://www.newindianexpress.com/Nation/rssfeed/?id=170&getXmlFeed=true,title,author,summary,link,published_parsed,default,strategy27,English,0,0,0,0
NewIndianExpress,Media,Feed257,http://www.newindianexpress.com/Opinions/Editorials/rssfeed/?id=219&getXmlFeed=true,title,author,summary,link,published_parsed,default,strategy27,English,0,0,0,0
NewIndianExpress,Media,Feed258,http://www.newindianexpress.com/Search/rssfeed/?id=331&getXmlFeed=true,title,author,summary,link,published_parsed,default,strategy27,English,0,0,0,0
NewIndianExpress,Media,Feed259,http://www.newindianexpress.com/Audios/New-Articles/rssfeed/?id=324&getXmlFeed=true,title,author,summary,link,published_parsed,default,strategy27,English,0,0,0,0
NewIndianExpress,Media,Feed260,http://www.newindianexpress.com/Prabhu-Chawla/Ask-Prabhu/rssfeed/?id=220&getXmlFeed=true,title,author,summary,link,published_parsed,default,strategy27,English,0,0,0,0
NewIndianExpress,Media,Feed261,http://www.newindianexpress.com/Elections/rssfeed/?id=244&getXmlFeed=true,title,author,summary,link,published_parsed,default,strategy27,English,0,0,0,0
NewIndianExpress,Media,Feed262,http://www.newindianexpress.com/Prabhu-Chawla/Columns/rssfeed/?id=306&getXmlFeed=true,title,author,summary,link,published_parsed,default,strategy27,English,0,0,0,0
NewIndianExpress,Media,Feed263,http://www.newindianexpress.com/Resources/rssfeed/?id=238&getXmlFeed=true,title,author,summary,link,published_parsed,default,strategy27,English,0,0,0,0
NewIndianExpress,Media,Feed264,http://www.newindianexpress.com/E-Paper/rssfeed/?id=233&getXmlFeed=true,title,author,summary,link,published_parsed,default,strategy27,English,0,0,0,0
NewIndianExpress,Media,Feed265,http://www.newindianexpress.com/The-Sunday-Standard/rssfeed/?id=232&getXmlFeed=true,title,author,summary,link,published_parsed,default,strategy27,English,0,0,0,0
NewIndianExpress,Media,Feed266,http://www.newindianexpress.com/Magazine/Voices/rssfeed/?id=318&getXmlFeed=true,title,author,summary,link,published_parsed,default,strategy27,English,0,0,0,0
NewIndianExpress,Media,Feed267,http://www.newindianexpress.com/Indulge/rssfeed/?id=230&getXmlFeed=true,title,author,summary,link,published_parsed,default,strategy27,English,0,0,0,0
NewIndianExpress,Media,Feed268,http://www.newindianexpress.com/Auto/rssfeed/?id=210&getXmlFeed=true,title,author,summary,link,published_parsed,default,strategy27,English,0,0,0,0
NewIndianExpress,Media,Feed269,http://www.newindianexpress.com/Education/Edex/rssfeed/?id=229&getXmlFeed=true,title,author,summary,link,published_parsed,default,strategy27,English,0,0,0,0
NewIndianExpress,Media,Feed270,http://www.newindianexpress.com/Opinions/Debate/rssfeed/?id=344&getXmlFeed=true,title,author,summary,link,published_parsed,default,strategy27,English,0,0,0,0
NewIndianExpress,Media,Feed271,http://www.newindianexpress.com/Opinions/Columns/Karamathullah-K-Ghori/rssfeed/?id=228&getXmlFeed=true,title,author,summary,link,published_parsed,default,strategy27,English,0,0,0,0
NewIndianExpress,Media,Feed272,http://www.newindianexpress.com/Opinions/Columns/Soli-J-Sorabjee/rssfeed/?id=322&getXmlFeed=true,title,author,summary,link,published_parsed,default,strategy27,English,0,0,0,0
NewIndianExpress,Media,Feed273,http://www.newindianexpress.com/Opinions/Columns/V-Sudarshan/rssfeed/?id=321&getXmlFeed=true,title,author,summary,link,published_parsed,default,strategy27,English,0,0,0,0
NewIndianExpress,Media,Feed274,http://www.newindianexpress.com/Opinions/Columns/Shampa-Dhar-Kamath/rssfeed/?id=227&getXmlFeed=true,title,author,summary,link,published_parsed,default,strategy27,English,0,0,0,0
NewIndianExpress,Media,Feed275,http://www.newindianexpress.com/Opinions/Columns/Shankkar-Aiyar/rssfeed/?id=226&getXmlFeed=true,title,author,summary,link,published_parsed,default,strategy27,English,0,0,0,0
NewIndianExpress,Media,Feed276,http://www.newindianexpress.com/Opinions/Columns/Ravi-Shankar/rssfeed/?id=225&getXmlFeed=true,title,author,summary,link,published_parsed,default,strategy27,English,0,0,0,0
NewIndianExpress,Media,Feed277,http://www.newindianexpress.com/Opinions/Columns/S-Gurumurthy/rssfeed/?id=224&getXmlFeed=true,title,author,summary,link,published_parsed,default,strategy27,English,0,0,0,0
NewIndianExpress,Media,Feed278,http://www.newindianexpress.com/Opinions/Columns/T-J-S-George/rssfeed/?id=223&getXmlFeed=true,title,author,summary,link,published_parsed,default,strategy27,English,0,0,0,0
NewIndianExpress,Media,Feed279,http://www.newindianexpress.com/Opinions/Columns/rssfeed/?id=221&getXmlFeed=true,title,author,summary,link,published_parsed,default,strategy27,English,0,0,0,0
News24,Media,Feed280,http://feeds.news24.com/articles/news24/TopStories/rss,title,author,summary,link,published_parsed,default,strategy41,Hindi,0,0,0,0
NY Times,Media,Feed281,http://www.nytimes.com/services/xml/rss/nyt/InternationalBusiness.xml,title,author,summary,link,published_parsed,default,default,English,0,0,0,0
OneIndia,Media,Feed282,https://www.oneindia.com/rss/news-india-fb.xml,title,author,summary,link,published_parsed,default,default,Hindi,0,0,0,0
OneIndia,Media,Feed283,http://www.oneindia.com/rss/feature-fb.xml,title,author,summary,link,published_parsed,strategy16,default,English,0,0,0,0
OneIndia,Media,Feed284,http://www.oneindia.com/rss/infographics-fb.xml,title,author,summary,link,published_parsed,strategy16,default,English,0,0,0,0
OneIndia,Media,Feed285,http://www.oneindia.com/rss/news-business-fb.xml,title,author,summary,link,published_parsed,strategy16,default,English,0,0,0,0
OneIndia,Media,Feed286,http://www.oneindia.com/rss/news-fb.xml,title,author,summary,link,published_parsed,strategy16,default,English,0,0,0,0
OneIndia,Media,Feed287,http://www.oneindia.com/rss/news-india-fb.xml,title,author,summary,link,published_parsed,strategy16,default,English,0,0,0,0
OneIndia,Media,Feed288,http://www.oneindia.com/rss/news-international-fb.xml,title,author,summary,link,published_parsed,strategy16,default,English,0,0,0,0
Outlook,Media,Feed289,http://www.outlookindia.com/rss/main/website,title,author,summary,link,published_parsed,strategy17,default,English,0,0,0,0
Outlook,Media,Feed290,http://www.outlookindia.com/rss/main/newswire,title,author,summary,link,published_parsed,strategy17,default,English,0,0,0,0
Outlook,Media,Feed291,http://www.outlookindia.com/rss/section/19,title,author,summary,link,published_parsed,strategy17,default,English,0,0,0,0
Outlook,Media,Feed292,http://www.outlookindia.com/rss/section/18,title,author,summary,link,published_parsed,strategy17,default,English,0,0,0,0
Outlook,Media,Feed293,http://www.outlookindia.com/rss/section/22,title,author,summary,link,published_parsed,strategy17,default,English,0,0,0,0
Outlook,Media,Feed294,http://www.outlookindia.com/rss/section/23,title,author,summary,link,published_parsed,strategy17,default,English,0,0,0,0
Outlook,Media,Feed295,https://www.outlookindia.com/rss/home,title,author,summary,link,published_parsed,default,default,English,0,0,0,0
Patrika,Media,Feed296,http://api.patrika.com/rss/asia-news,title,author,summary,link,published_parsed,default,strategy37,Hindi,0,0,0,0
Patrika,Media,Feed297,http://api.patrika.com/rss/opinion,title,author,summary,link,published_parsed,default,strategy37,Hindi,0,0,0,0
Patrika,Media,Feed298,http://api.patrika.com/rss/city-news,title,author,summary,link,published_parsed,default,strategy37,Hindi,0,0,0,0
Patrika,Media,Feed299,http://api.patrika.com/rss/indian-regional,title,author,summary,link,published_parsed,default,strategy37,Hindi,0,0,0,0
Patrika,Media,Feed300,http://api.patrika.com/rss/national-news,title,author,summary,link,published_parsed,default,strategy37,Hindi,0,0,0,0
Patrika,Media,Feed301,http://api.patrika.com/rss/political-news,title,author,summary,link,published_parsed,default,strategy37,Hindi,0,0,0,0
Patrika,Media,Feed302,http://api.patrika.com/rss/political-news,title,author,summary,link,published_parsed,default,strategy37,Hindi,0,0,0,0
Prabhat Khabar,Media,Feed303,https://www.prabhatkhabar.com/feed.aspx?cat_id=637,title,author,summary,link,published_parsed,default,strategy36,Hindi,0,0,0,0
Praja Shakti,Media,Feed304,http://www.prajasakti.com/rss_feed/Doctor-Specialist/feed.php,title,author,summary,link,published_parsed,default,strategy31,Telugu,0,0,0,0
Praja Shakti,Media,Feed305,http://www.prajasakti.com/rss_feed/Sangamam/feed.php,title,author,summary,link,published_parsed,default,strategy31,Telugu,0,0,0,0
Praja Shakti,Media,Feed306,http://www.prajasakti.com/rss_feed/Journey/feed.php,title,author,summary,link,published_parsed,default,strategy31,Telugu,0,0,0,0
Praja Shakti,Media,Feed307,http://www.prajasakti.com/rss_feed/Sietech/feed.php,title,author,summary,link,published_parsed,default,strategy31,Telugu,0,0,0,0
Praja Shakti,Media,Feed308,http://www.prajasakti.com/rss_feed/Roopai/feed.php,title,author,summary,link,published_parsed,default,strategy31,Telugu,0,0,0,0
Praja Shakti,Media,Feed309,http://www.prajasakti.com/rss_feed/Josh/feed.php,title,author,summary,link,published_parsed,default,strategy31,Telugu,0,0,0,0
Praja Shakti,Media,Feed310,http://www.prajasakti.com/rss_feed/Neti_Vyasam/feed.php,title,author,summary,link,published_parsed,default,strategy31,Telugu,0,0,0,0
Praja Shakti,Media,Feed311,http://www.prajasakti.com/rss_feed/Sampaadkeyam/feed.php,title,author,summary,link,published_parsed,default,strategy31,Telugu,0,0,0,0
Praja Shakti,Media,Feed312,http://www.prajasakti.com/rss_feed/World/feed.php,title,author,summary,link,published_parsed,default,strategy31,Telugu,0,0,0,0
Praja Shakti,Media,Feed313,http://www.prajasakti.com/rss_feed/Sports/feed.php,title,author,summary,link,published_parsed,default,strategy31,Telugu,0,0,0,0
Praja Shakti,Media,Feed314,http://www.prajasakti.com/rss_feed/Movies/feed.php,title,author,summary,link,published_parsed,default,strategy31,Telugu,0,0,0,0
Praja Shakti,Media,Feed315,http://www.prajasakti.com/rss_feed/National/feed.php,title,author,summary,link,published_parsed,default,strategy31,Telugu,0,0,0,0
Praja Shakti,Media,Feed316,http://www.prajasakti.com/rss_feed/Telangana/feed.php,title,author,summary,link,published_parsed,default,strategy31,Telugu,0,0,0,0
Praja Shakti,Media,Feed317,http://www.prajasakti.com/rss_feed/AndhraPradesh/feed.php,title,author,summary,link,published_parsed,default,strategy31,Telugu,0,0,0,0
Praja Shakti,Media,Feed318,http://www.prajasakti.com/rss_feed/BreakingNews/feed.php,title,author,summary,link,published_parsed,default,strategy31,Telugu,0,0,0,0
Pudhari,Media,Feed319,https://www.pudhari.news/rss.php?rss_value=latest,title,author,summary,link,published_parsed,default,strategy56,Marathi,0,0,0,0
Punjabi Jagaran,Media,Feed320,http://rss.jagran.com/punjabi/rss.xml,title,author,summary,link,published_parsed,default,strategy62,Punjabi,0,0,0,0
Reuters,Media,Feed321,http://feeds.reuters.com/reuters/INbusinessNews,title,author,summary,link,published_parsed,strategy18,strategy18,English,0,0,0,0
Reuters,Media,Feed322,http://feeds.reuters.com/reuters/worldOfSport,title,author,summary,link,published_parsed,strategy18,strategy18,English,0,0,0,0
Reuters,Media,Feed323,http://feeds.reuters.com/reuters/INentertainmentNews,title,author,summary,link,published_parsed,strategy18,strategy18,English,0,0,0,0
Rolling Stone,Media,Feed324,http://rollingstoneindia.com/feed/,title,author,summary,link,published_parsed,default,strategy19,English,0,0,0,0
Sach Kahoon,Media,Feed325,http://sachkahoon.com/feed/,title,author,summary,link,published_parsed,default,strategy63,Punjabi,0,0,0,0
Scroll,Media,Feed326,http://feeds.feedburner.com/ScrollinArticles.rss,title,author,summary,link,published_parsed,default,strategy39,Hindi,0,0,0,0
Sify,Media,Feed327,http://www.sify.com/rss2/sports/article/category/motor-sports,title,author,summary,link,published_parsed,strategy20,strategy20,English,0,0,0,0
Sify,Media,Feed328,http://www.sify.com/rss2/sports/article/category/others,title,author,summary,link,published_parsed,strategy20,strategy20,English,0,0,0,0
Sify,Media,Feed329,http://www.sify.com/rss2/sports/article/category/football,title,author,summary,link,published_parsed,strategy20,strategy20,English,0,0,0,0
Sify,Media,Feed330,http://www.sify.com/rss2/sports/article/category/tennis,title,author,summary,link,published_parsed,strategy20,strategy20,English,0,0,0,0
Sify,Media,Feed331,http://www.sify.com/rss2/sports/article/category/cricket,title,author,summary,link,published_parsed,strategy20,strategy20,English,0,0,0,0
Sify,Media,Feed332,http://www.sify.com/rss2/news/article/category/science,title,author,summary,link,published_parsed,strategy20,strategy20,English,0,0,0,0
Sify,Media,Feed333,http://www.sify.com/rss2/news/article/category/politics,title,author,summary,link,published_parsed,strategy20,strategy20,English,0,0,0,0
Sify,Media,Feed334,http://www.sify.com/rss2/news/article/category/international,title,author,summary,link,published_parsed,strategy20,strategy20,English,0,0,0,0
Sify,Media,Feed335,http://www.sify.com/rss2/news/article/category/national,title,author,summary,link,published_parsed,strategy20,strategy20,English,0,0,0,0
Sify,Media,Feed336,http://www.sify.com/rss2/business/article/category/equity/,title,author,summary,link,published_parsed,strategy20,strategy20,English,0,0,0,0
Sify,Media,Feed337,http://www.sify.com/rss2/business/article/category/rupee,title,author,summary,link,published_parsed,strategy20,strategy20,English,0,0,0,0
Sify,Media,Feed338,http://www.sify.com/rss2/business/article/category/real-estate,title,author,summary,link,published_parsed,strategy20,strategy20,English,0,0,0,0
Sify,Media,Feed339,http://www.sify.com/rss2/business/article/category/tax,title,author,summary,link,published_parsed,strategy20,strategy20,English,0,0,0,0
Sify,Media,Feed340,http://www.sify.com/rss2/business/article/category/share,title,author,summary,link,published_parsed,strategy20,strategy20,English,0,0,0,0
Sify,Media,Feed341,http://www.sify.com/rss2/business/article/category/mutual-fund,title,author,summary,link,published_parsed,strategy20,strategy20,English,0,0,0,0
Sify,Media,Feed342,http://www.sify.com/rss2/business/article/category/insurance,title,author,summary,link,published_parsed,strategy20,strategy20,English,0,0,0,0
Sify,Media,Feed343,http://www.sify.com/rss2/business/article/category/technology,title,author,summary,link,published_parsed,strategy20,strategy20,English,0,0,0,0
Sify,Media,Feed344,http://www.sify.com/rss2/business/article/category/sensex,title,author,summary,link,published_parsed,strategy20,strategy20,English,0,0,0,0
Sify,Media,Feed345,http://www.sify.com/rss2/business/article/category/loan,title,author,summary,link,published_parsed,strategy20,strategy20,English,0,0,0,0
Sify,Media,Feed346,http://www.sify.com/rss2/business/article/category/bank,title,author,summary,link,published_parsed,strategy20,strategy20,English,0,0,0,0
Sify,Media,Feed347,http://www.sify.com/rss2/business/article/category/auto,title,author,summary,link,published_parsed,strategy20,strategy20,English,0,0,0,0
Sikh Siyasat,Media,Feed348,http://www.sikhsiyasat.com/feed/,title,author,summary,link,published_parsed,default,default,English,0,0,0,0
Telangana Today,Media,Feed349,https://telanganatoday.com/feed,title,author,summary,link,published_parsed,default,strategy50,Telugu,0,0,0,0
Telegraph India,Media,Feed350,https://www.telegraphindia.com/feeds/rss.jsp?id=20,title,author,summary,link,published_parsed,strategy23,strategy23,English,0,0,0,0
Telegraph India,Media,Feed351,https://www.telegraphindia.com/feeds/rss.jsp?id=7,title,author,summary,link,published_parsed,strategy23,strategy23,English,0,0,0,0
Telegraph India,Media,Feed352,https://www.telegraphindia.com/feeds/rss.jsp?id=4,title,author,summary,link,published_parsed,strategy23,strategy23,English,0,0,0,0
Telegraph India,Media,Feed353,https://www.telegraphindia.com/feeds/rss.jsp?id=3,title,author,summary,link,published_parsed,strategy23,strategy23,English,0,0,0,0
Telegraph India,Media,Feed354,https://www.dailytelegraph.com.au/newslocal/rss,title,author,summary,link,published_parsed,strategy23,strategy23,English,0,0,0,0
Telegraph India,Media,Feed355,https://www.dailytelegraph.com.au/lifestyle/rss,title,author,summary,link,published_parsed,strategy23,strategy23,English,0,0,0,0
Telegraph India,Media,Feed356,https://www.dailytelegraph.com.au/entertainment/music/rss,title,author,summary,link,published_parsed,strategy23,strategy23,English,0,0,0,0
Telegraph India,Media,Feed357,https://www.dailytelegraph.com.au/entertainment/celebrity/rss,title,author,summary,link,published_parsed,strategy23,strategy23,English,0,0,0,0
Telegraph India,Media,Feed358,https://www.dailytelegraph.com.au/entertainment/sydney-confidential/rss,title,author,summary,link,published_parsed,strategy23,strategy23,English,0,0,0,0
Telegraph India,Media,Feed359,https://www.dailytelegraph.com.au/business/breaking-news/rss,title,author,summary,link,published_parsed,strategy23,strategy23,English,0,0,0,0
Telegraph India,Media,Feed360,https://www.dailytelegraph.com.au/business/rss,title,author,summary,link,published_parsed,strategy23,strategy23,English,0,0,0,0
Telegraph India,Media,Feed361,https://www.dailytelegraph.com.au/news/world/rss,title,author,summary,link,published_parsed,strategy23,strategy23,English,0,0,0,0
Telegraph India,Media,Feed362,https://www.dailytelegraph.com.au/news/national/rss,title,author,summary,link,published_parsed,strategy23,strategy23,English,0,0,0,0
Telegraph India,Media,Feed363,https://www.dailytelegraph.com.au/news/breaking-news/rss,title,author,summary,link,published_parsed,strategy23,strategy23,English,0,0,0,0
Telly Chakkar,Media,Feed364,http://www.tellychakkar.com/rss.xml,title,author,summary,link,published_parsed,default,strategy21,English,0,0,0,0
Telugu Samayam,Media,Feed365,https://telugu.samayam.com/education/rssfeedsection/48238599.cms,title,author,summary,link,published_parsed,default,strategy32,Telugu,0,0,0,0
Telugu Samayam,Media,Feed366,https://telugu.samayam.com/jokes/rssfeedsection/48238590.cms,title,author,summary,link,published_parsed,default,strategy32,Telugu,0,0,0,0
Telugu Samayam,Media,Feed367,https://telugu.samayam.com/spirituality/rssfeedsection/47120420.cms,title,author,summary,link,published_parsed,default,strategy32,Telugu,0,0,0,0
Telugu Samayam,Media,Feed368,https://telugu.samayam.com/sports/rssfeedsection/51238766.cms,title,author,summary,link,published_parsed,default,strategy32,Telugu,0,0,0,0
Telugu Samayam,Media,Feed369,https://telugu.samayam.com/lifestyle/rssfeedsection/47120424.cms,title,author,summary,link,published_parsed,default,strategy32,Telugu,0,0,0,0
Telugu Samayam,Media,Feed370,https://telugu.samayam.com/news/rssfeedsection/48239026.cms,title,author,summary,link,published_parsed,default,strategy32,Telugu,0,0,0,0
Telugu Samayam,Media,Feed371,https://telugu.samayam.com/social/rssfeedsection/47120416.cms,title,author,summary,link,published_parsed,default,strategy32,Telugu,0,0,0,0
Telugu Samayam,Media,Feed372,https://telugu.samayam.com/cinema/rssfeedsection/48238931.cms,title,author,summary,link,published_parsed,default,strategy32,Telugu,0,0,0,0
Telugu Samayam,Media,Feed373,https://telugu.samayam.com/rssfeedsdefault.cms,title,author,summary,link,published_parsed,default,strategy32,Telugu,0,0,0,0
The Asian Age,Media,Feed374,www.asianage.com/rss_feed/,title,author,summary,link,published_parsed,default,strategy49,English,0,0,0,0
The Economic Times,Media,Feed375,https://economictimes.indiatimes.com/rssfeedsdefault.cms,title,author,summary,link,published_parsed,default,strategy6,English,0,0,0,0
The Financial Express,Media,Feed376,https://www.financialexpress.com/feed/,title,author,summary,link,published_parsed,default,strategy48,English,0,0,0,0
The Health Site,Media,Feed377,http://www.thehealthsite.com/comments/feed/,title,author,summary,link,published_parsed,default,strategy22,English,0,0,0,0
The Hindu,Media,Feed378,https://www.thehindu.com/news/feeder/default.rss,title,author,summary,link,published_parsed,default,strategy45,English,0,0,0,0
The Hindu,Media,Feed379,https://www.thehindu.com/news/national/feeder/default.rss,title,author,summary,link,published_parsed,default,strategy45,English,0,0,0,0
The Hindu,Media,Feed380,https://www.thehindu.com/news/international/feeder/default.rss,title,author,summary,link,published_parsed,default,strategy45,English,0,0,0,0
The Hindu,Media,Feed381,https://www.thehindu.com/business/feeder/default.rss,title,author,summary,link,published_parsed,default,strategy45,English,0,0,0,0
The Hindu,Media,Feed382,https://www.thehindu.com/opinion/feeder/default.rss,title,author,summary,link,published_parsed,default,strategy45,English,0,0,0,0
The Hindu,Media,Feed383,https://www.thehindu.com/news/cities/feeder/default.rss,title,author,summary,link,published_parsed,default,strategy45,English,0,0,0,0
The Indian Express,Media,Feed384,http://syndication.indianexpress.com/rss/latest-news.xml,title,author,summary,link,published_parsed,default,strategy12,English,0,0,0,0
The New Indian Express,Media,Feed385,http://www.newindianexpress.com/Nation/rssfeed/?id=170&getXmlFeed=true,title,author,summary,link,published_parsed,default,strategy27,English,0,0,0,0
The News Minute,Media,Feed386,https://www.thenewsminute.com/news.xml,title,author,summary,link,published_parsed,default,strategy28,Hindi,0,0,0,0
The Quint,Media,Feed387,https://prod-qt-images.s3.amazonaws.com/production/thequint/feed.xml,title,author,summary,link,published_parsed,default,strategy40,Hindi,0,0,0,0
The Statesman,Media,Feed388,https://www.newstatesman.com/feeds/site_feed.rss,title,author,summary,link,published_parsed,default,strategy47,English,0,0,0,0
The Times of India,Media,Feed389,https://timesofindia.indiatimes.com/rssfeedstopstories.cms,title,author,summary,link,published_parsed,default,strategy24,English,0,0,0,0
The Tribune,Media,Feed390,https://www.tribuneindia.com/rss/feed.aspx?cat_id=7,title,author,summary,link,published_parsed,default,strategy23,English,0,0,0,0
The Tribune,Media,Feed391,https://www.tribuneindia.com/rss/feed.aspx?cat_id=7,title,author,summary,link,published_parsed,default,strategy23,English,0,0,0,0
The Tribune,Media,Feed392,https://www.tribuneindia.com/rss/feed.aspx?cat_id=10,title,author,summary,link,published_parsed,default,strategy23,English,0,0,0,0
The Tribune,Media,Feed393,https://www.tribuneindia.com/rss/feed.aspx?cat_id=186&mid=70,title,author,summary,link,published_parsed,default,strategy23,English,0,0,0,0
The Tribune,Media,Feed394,https://www.tribuneindia.com/rss/feed.aspx?cat_id=34&mid=70,title,author,summary,link,published_parsed,default,strategy23,English,0,0,0,0
The Tribune,Media,Feed395,https://www.tribuneindia.com/rss/feed.aspx?cat_id=8,title,author,summary,link,published_parsed,default,strategy23,English,0,0,0,0
The Tribune,Media,Feed396,https://www.tribuneindia.com/rss/feed.aspx?cat_id=0,title,author,summary,link,published_parsed,default,strategy23,English,0,0,0,0
TheNewsMinute,Media,Feed397,https://www.thenewsminute.com/delve.xml,title,author,summary,link,published_parsed,default,strategy28,English,0,0,0,0
TheNewsMinute,Media,Feed398,https://www.thenewsminute.com/reportage.xml,title,author,summary,link,published_parsed,default,strategy28,English,0,0,0,0
TheNewsMinute,Media,Feed399,https://www.thenewsminute.com/atom.xml,title,author,summary,link,published_parsed,default,strategy28,English,0,0,0,0
TheNewsMinute,Media,Feed400,https://www.thenewsminute.com/social.xml,title,author,summary,link,published_parsed,default,strategy28,English,0,0,0,0
TheNewsMinute,Media,Feed401,https://www.thenewsminute.com/voices.xml,title,author,summary,link,published_parsed,default,strategy28,English,0,0,0,0
TheNewsMinute,Media,Feed402,https://www.thenewsminute.com/flix.xml,title,author,summary,link,published_parsed,default,strategy28,English,0,0,0,0
TheNewsMinute,Media,Feed403,https://www.thenewsminute.com/features.xml,title,author,summary,link,published_parsed,default,strategy28,English,0,0,0,0
TheNewsMinute,Media,Feed404,https://www.thenewsminute.com/telangana.xml,title,author,summary,link,published_parsed,default,strategy28,English,0,0,0,0
TheNewsMinute,Media,Feed405,https://www.thenewsminute.com/kerala.xml,title,author,summary,link,published_parsed,default,strategy28,English,0,0,0,0
TheNewsMinute,Media,Feed406,https://www.thenewsminute.com/karnataka.xml,title,author,summary,link,published_parsed,default,strategy28,English,0,0,0,0
TheNewsMinute,Media,Feed407,https://www.thenewsminute.com/andhra.xml,title,author,summary,link,published_parsed,default,strategy28,English,0,0,0,0
TheNewsMinute,Media,Feed408,https://www.thenewsminute.com/news.xml,title,author,summary,link,published_parsed,default,strategy28,English,0,0,0,0
TOI,Media,Feed409,https://timesofindia.indiatimes.com/rssfeeds/2886704.cms,title,author,summary,link,published_parsed,strategy24,strategy24,English,0,0,0,0
TOI,Media,Feed410,https://timesofindia.indiatimes.com/rssfeeds/1081479906.cms,title,author,summary,link,published_parsed,strategy24,strategy24,English,0,0,0,0
TOI,Media,Feed411,https://timesofindia.indiatimes.com/rssfeeds/784865811.cms,title,author,summary,link,published_parsed,strategy24,strategy24,English,0,0,0,0
TOI,Media,Feed412,https://timesofindia.indiatimes.com/rssfeeds/1945062111.cms,title,author,summary,link,published_parsed,strategy24,strategy24,English,0,0,0,0
TOI,Media,Feed413,https://timesofindia.indiatimes.com/rssfeeds/913168846.cms,title,author,summary,link,published_parsed,strategy24,strategy24,English,0,0,0,0
TOI,Media,Feed414,https://timesofindia.indiatimes.com/rssfeeds/5880659.cms,title,author,summary,link,published_parsed,strategy24,strategy24,English,0,0,0,0
TOI,Media,Feed415,https://timesofindia.indiatimes.com/rssfeeds/-2128672765.cms,title,author,summary,link,published_parsed,strategy24,strategy24,English,0,0,0,0
TOI,Media,Feed416,https://timesofindia.indiatimes.com/rssfeeds/3908999.cms,title,author,summary,link,published_parsed,strategy24,strategy24,English,0,0,0,0
TOI,Media,Feed417,https://timesofindia.indiatimes.com/rssfeeds/4719148.cms,title,author,summary,link,published_parsed,strategy24,strategy24,English,0,0,0,0
TOI,Media,Feed418,https://timesofindia.indiatimes.com/rssfeeds/4719161.cms,title,author,summary,link,published_parsed,strategy24,strategy24,English,0,0,0,0
TOI,Media,Feed419,https://timesofindia.indiatimes.com/rssfeeds/1898055.cms,title,author,summary,link,published_parsed,strategy24,strategy24,English,0,0,0,0
TOI,Media,Feed420,https://timesofindia.indiatimes.com/rssfeeds/7098551.cms,title,author,summary,link,published_parsed,strategy24,strategy24,English,0,0,0,0
TOI,Media,Feed421,https://timesofindia.indiatimes.com/rssfeeds/296589292.cms,title,author,summary,link,published_parsed,strategy24,strategy24,English,0,0,0,0
TOI,Media,Feed422,https://timesofindia.indiatimes.com/rssfeeds/-2128936835.cms,title,author,summary,link,published_parsed,strategy24,strategy24,English,0,0,0,0
TOI,Media,Feed423,https://timesofindia.indiatimes.com/rssfeeds/1221656.cms,title,author,summary,link,published_parsed,strategy24,strategy24,English,0,0,0,0
TOI,Media,Feed424,https://timesofindia.indiatimes.com/rssfeedstopstories.cms,title,author,summary,link,published_parsed,strategy24,strategy24,English,0,0,0,0
Vijay Karnataka,Media,Feed425,https://vijaykarnataka.indiatimes.com/rssfeedstopstories.cms,title,author,summary,link,published_parsed,default,strategy58,Kannada,0,0,0,0
Yahoo,Media,Feed426,https://in.news.yahoo.com/rss/national,title,author,summary,link,published_parsed,strategy25,strategy25,English,0,0,0,0
Yahoo,Media,Feed427,https://in.news.yahoo.com/rss/sports,title,author,summary,link,published_parsed,strategy25,strategy25,English,0,0,0,0
Zee News,Media,Feed428,http://zeenews.india.com/rss/world-news.xml,title,author,summary,link,published_parsed,strategy26,strategy26,English,0,0,0,0
Zee News,Media,Feed429,http://zeenews.india.com/rss/business.xml,title,author,summary,link,published_parsed,strategy26,strategy26,English,0,0,0,0
Zee News,Media,Feed430,http://zeenews.india.com/rss/science-technology-news.xml,title,author,summary,link,published_parsed,strategy26,strategy26,English,0,0,0,0
Zee News,Media,Feed431,http://zeenews.india.com/rss/sports-news.xml,title,author,summary,link,published_parsed,strategy26,strategy26,English,0,0,0,0
Zee News,Media,Feed432,http://zeenews.india.com/rss/india-national-news.xml,title,author,summary,link,published_parsed,strategy26,strategy26,English,0,0,0,0
Zee News,Media,Feed433,http://zeenews.india.com/rss/india-national-news.xml,title,author,summary,link,published_parsed,default,strategy26,Hindi,0,0,0,0
